{
  "districts": [
    {
      "citycode": "010",
      "adcode": "110101",
      "name": "东城区",
      "center": "116.418757,39.917544",
      "level": "district",
      "districts": []
    },
    {
      "citycode": "010",
      "adcode": "110102",
      "name": "西城区",
      "center": "116.366794,39.915309",
      "level": "district",
      "districts": []
    },
    {
      "citycode": "010",
      "adcode": "110105",
      "name": "朝阳区",
      "center": "116.486409,39.921489",
      "level": "district",
      "districts": []
    },
    {
      "citycode": "010",
      "adcode": "110106",
      "name": "丰台区",
      "center": "116.286968,39.863642",
      "level": "district",
      "districts": []
    },
    {
      "citycode": "010",
      "adcode": "110107",
      "name": "石景山区",
      "center": "116.195445,39.914601",
      "level": "district",
      "districts": []
    },
    {
      "citycode": "010",
      "adcode": "110108",
      "name": "海淀区",
      "center": "116.310316,39.956074",
      "level": "district",
      "districts": []
    },
    {
      "citycode": "010",
      "adcode": "110109",
      "name": "门头沟区",
      "center": "116.105381,39.937183",
      "level": "district",
      "districts": []
    },
    {
      "citycode": "010",
      "adcode": "110111",
      "name": "房山区",
      "center": "116.139157,39.735535",
      "level": "district",
      "districts": []
    },
    {
      "citycode": "010",
      "adcode": "110112",
      "name": "通州区",
      "center": "116.658603,39.902486",
      "level": "district",
      "districts": []
    },
    {
      "citycode": "010",
      "adcode": "110113",
      "name": "顺义区",
      "center": "116.653525,40.128936",
      "level": "district",
      "districts": []
    },
    {
      "citycode": "010",
      "adcode": "110114",
      "name": "昌平区",
      "center": "116.235906,40.218085",
      "level": "district",
      "districts": []
    },
    {
      "citycode": "010",
      "adcode": "110115",
      "name": "大兴区",
      "center": "116.338033,39.728908",
      "level": "district",
      "districts": []
    },
    {
      "citycode": "010",
      "adcode": "110116",
      "name": "怀柔区",
      "center": "116.637122,40.324272",
      "level": "district",
      "districts": []
    },
    {
      "citycode": "010",
      "adcode": "110117",
      "name": "平谷区",
      "center": "117.112335,40.144783",
      "level": "district",
      "districts": []
    },
    {
      "citycode": "010",
      "adcode": "110228",
      "name": "密云县",
      "center": "116.843352,40.377362",
      "level": "district",
      "districts": []
    },
    {
      "citycode": "010",
      "adcode": "110229",
      "name": "延庆县",
      "center": "115.985006,40.465325",
      "level": "district",
      "districts": []
    }
  ]
}