{"provinceList":[
	{
		"proname":"河北","proid":"13000000","pronamepinyin":"hebei","pronamepinyinhead":"hb","citys":[
			{"cityid":"13010000","cityname":"石家庄","citypinyin":"shijiazhuang","pinyinhead":"sjz"},
			{"cityid":"13020000","cityname":"唐山","citypinyin":"tangshan","pinyinhead":"ts"},
			{"cityid":"13030000","cityname":"秦皇岛","citypinyin":"qinhuangdao","pinyinhead":"qhd"},
			{"cityid":"13040000","cityname":"邯郸","citypinyin":"handan","pinyinhead":"hd"},
			{"cityid":"13050000","cityname":"邢台","citypinyin":"xingtai","pinyinhead":"xt"},
			{"cityid":"13060000","cityname":"保定","citypinyin":"baoding","pinyinhead":"bd"},
			{"cityid":"13070000","cityname":"张家口","citypinyin":"zhangjiakou","pinyinhead":"zjk"},
			{"cityid":"13080000","cityname":"承德","citypinyin":"chengde","pinyinhead":"cd"},
			{"cityid":"13090000","cityname":"沧州","citypinyin":"cangzhou","pinyinhead":"cz"},
			{"cityid":"13100000","cityname":"廊坊","citypinyin":"langfang","pinyinhead":"lf"},
			{"cityid":"13110000","cityname":"衡水","citypinyin":"hengshui","pinyinhead":"hs"}
		]
	},{
		"proname":"山西","proid":"14000000","pronamepinyin":"shanxi","pronamepinyinhead":"sx","citys":[
			{"cityid":"14010000","cityname":"太原","citypinyin":"taiyuan","pinyinhead":"ty"},
			{"cityid":"14030000","cityname":"阳泉","citypinyin":"yangquan","pinyinhead":"yq"},
			{"cityid":"14040000","cityname":"长治","citypinyin":"changzhi","pinyinhead":"cz"},
			{"cityid":"14050000","cityname":"晋城","citypinyin":"jincheng","pinyinhead":"jc"},
			{"cityid":"14060000","cityname":"朔州","citypinyin":"shuozhou","pinyinhead":"sz"},
			{"cityid":"14220000","cityname":"忻州","citypinyin":"xinzhou","pinyinhead":"xz"},
			{"cityid":"14230000","cityname":"吕梁","citypinyin":"lvliang","pinyinhead":"ll"},
			{"cityid":"14240000","cityname":"晋中","citypinyin":"jinzhong","pinyinhead":"jz"},
			{"cityid":"14260000","cityname":"临汾","citypinyin":"linfen","pinyinhead":"lf"},
			{"cityid":"14270000","cityname":"运城","citypinyin":"yuncheng","pinyinhead":"yc"},
			{"cityid":"14020000","cityname":"大同","citypinyin":"datong","pinyinhead":"dt"}
		]
	},{
		"proname":"内蒙古","proid":"15000000","pronamepinyin":"neimenggu","pronamepinyinhead":"nmg","citys":[
			{"cityid":"15020000","cityname":"包头","citypinyin":"baotou","pinyinhead":"bt"},
			{"cityid":"15290000","cityname":"阿拉善盟","citypinyin":"alashanmeng","pinyinhead":"alsm"},
			{"cityid":"15280000","cityname":"巴彦淖尔市","citypinyin":"bayannaoershi","pinyinhead":"bynes"},
			{"cityid":"15040000","cityname":"赤峰","citypinyin":"chifeng","pinyinhead":"cf"},
			{"cityid":"15270000","cityname":"鄂尔多斯","citypinyin":"eerduosi","pinyinhead":"eeds"},
			{"cityid":"15010000","cityname":"呼和浩特","citypinyin":"huhehaote","pinyinhead":"hhht"},
			{"cityid":"15210000","cityname":"呼伦贝尔","citypinyin":"hulunbeier","pinyinhead":"hlbe"},
			{"cityid":"15060000","cityname":"满洲里市","citypinyin":"manzhoulishi","pinyinhead":"mzls"},
			{"cityid":"15230000","cityname":"通辽市","citypinyin":"tongliaoshi","pinyinhead":"tls"},
			{"cityid":"15030000","cityname":"乌海市","citypinyin":"wuhaishi","pinyinhead":"whs"},
			{"cityid":"15260000","cityname":"乌兰察布","citypinyin":"wulanchabu","pinyinhead":"wlcb"},
			{"cityid":"15250000","cityname":"锡林郭勒","citypinyin":"xilinguole","pinyinhead":"xlgl"},
			{"cityid":"15220000","cityname":"兴安盟","citypinyin":"xinganmeng","pinyinhead":"xam"}
		]
	},{
		"proname":"辽宁","proid":"21000000","pronamepinyin":"liaoning","pronamepinyinhead":"ln","citys":[
			{"cityid":"21010000","cityname":"沈阳","citypinyin":"shenyang","pinyinhead":"sy"},
			{"cityid":"21020000","cityname":"大连","citypinyin":"dalian","pinyinhead":"dl"},
			{"cityid":"21030000","cityname":"鞍山","citypinyin":"anshan","pinyinhead":"as"},
			{"cityid":"21040000","cityname":"抚顺","citypinyin":"fushun","pinyinhead":"fs"},
			{"cityid":"21050000","cityname":"本溪","citypinyin":"benxi","pinyinhead":"bx"},
			{"cityid":"21060000","cityname":"丹东","citypinyin":"dandong","pinyinhead":"dd"},
			{"cityid":"21070000","cityname":"锦州","citypinyin":"jinzhou","pinyinhead":"jz"},
			{"cityid":"21080000","cityname":"营口","citypinyin":"yingkou","pinyinhead":"yk"},
			{"cityid":"21090000","cityname":"阜新","citypinyin":"fuxin","pinyinhead":"fx"},
			{"cityid":"21100000","cityname":"辽阳","citypinyin":"liaoyang","pinyinhead":"ly"},
			{"cityid":"21110000","cityname":"盘锦","citypinyin":"panjin","pinyinhead":"pj"},
			{"cityid":"21120000","cityname":"铁岭","citypinyin":"tieling","pinyinhead":"tl"},
			{"cityid":"21130000","cityname":"朝阳","citypinyin":"chaoyang","pinyinhead":"cy"},
			{"cityid":"21140000","cityname":"葫芦岛","citypinyin":"huludao","pinyinhead":"hld"}
		]
	},{
		"proname":"吉林","proid":"22000000","pronamepinyin":"jilin","pronamepinyinhead":"jl","citys":[
			{"cityid":"22010000","cityname":"长春","citypinyin":"changchun","pinyinhead":"cc"},
			{"cityid":"22080000","cityname":"白城","citypinyin":"baicheng","pinyinhead":"bc"},
			{"cityid":"22060000","cityname":"白山","citypinyin":"baishan","pinyinhead":"bs"},
			{"cityid":"22020000","cityname":"吉林","citypinyin":"jilin","pinyinhead":"jl"},
			{"cityid":"22040000","cityname":"辽源","citypinyin":"liaoyuan","pinyinhead":"ly"},
			{"cityid":"22050000","cityname":"通化","citypinyin":"tonghua","pinyinhead":"th"},
			{"cityid":"22240000","cityname":"延边","citypinyin":"yanbian","pinyinhead":"yb"},
			{"cityid":"22030000","cityname":"四平","citypinyin":"siping","pinyinhead":"sp"},
			{"cityid":"22070000","cityname":"松原","citypinyin":"songyuan","pinyinhead":"sy"}
		]
	},{
		"proname":"黑龙江","proid":"23000000","pronamepinyin":"heilongjiang","pronamepinyinhead":"hlj","citys":[
			{"cityid":"23010000","cityname":"哈尔滨","citypinyin":"haerbin","pinyinhead":"heb"},
			{"cityid":"23020000","cityname":"齐齐哈尔","citypinyin":"qiqihaer","pinyinhead":"qqhe"},
			{"cityid":"23030000","cityname":"鸡西","citypinyin":"jixi","pinyinhead":"jx"},
			{"cityid":"23060000","cityname":"大庆","citypinyin":"daqing","pinyinhead":"dq"},
			{"cityid":"23270000","cityname":"大兴安岭","citypinyin":"daxinganling","pinyinhead":"dxal"},
			{"cityid":"23040000","cityname":"鹤岗","citypinyin":"hegang","pinyinhead":"hg"},
			{"cityid":"23110000","cityname":"黑河","citypinyin":"heihe","pinyinhead":"hh"},
			{"cityid":"23100000","cityname":"牡丹江","citypinyin":"mudanjiang","pinyinhead":"mdj"},
			{"cityid":"23090000","cityname":"七台河","citypinyin":"qitaihe","pinyinhead":"qth"},
			{"cityid":"23050000","cityname":"双鸭山","citypinyin":"shuangyashan","pinyinhead":"sys"},
			{"cityid":"23070000","cityname":"伊春","citypinyin":"yichun","pinyinhead":"yc"},
			{"cityid":"23080000","cityname":"佳木斯","citypinyin":"jiamusi","pinyinhead":"jms"},
			{"cityid":"23230000","cityname":"绥化","citypinyin":"suihua","pinyinhead":"sh"}
		]
	},{
		"proname":"江苏","proid":"32000000","pronamepinyin":"jiangsu","pronamepinyinhead":"js","citys":[
			{"cityid":"32010000","cityname":"南京","citypinyin":"nanjing","pinyinhead":"nj"},
			{"cityid":"32020000","cityname":"无锡","citypinyin":"wuxi","pinyinhead":"wx"},
			{"cityid":"32030000","cityname":"徐州","citypinyin":"xuzhou","pinyinhead":"xz"},
			{"cityid":"32040000","cityname":"常州","citypinyin":"changzhou","pinyinhead":"cz"},
			{"cityid":"32050000","cityname":"苏州","citypinyin":"suzhou","pinyinhead":"sz"},
			{"cityid":"32060000","cityname":"南通","citypinyin":"nantong","pinyinhead":"nt"},
			{"cityid":"32070000","cityname":"连云港","citypinyin":"lianyungang","pinyinhead":"lyg"},
			{"cityid":"32080000","cityname":"淮安","citypinyin":"huaian","pinyinhead":"ha"},
			{"cityid":"32090000","cityname":"盐城","citypinyin":"yancheng","pinyinhead":"yc"},
			{"cityid":"32100000","cityname":"扬州","citypinyin":"yangzhou","pinyinhead":"yz"},
			{"cityid":"32110000","cityname":"镇江","citypinyin":"zhenjiang","pinyinhead":"zj"},
			{"cityid":"32120000","cityname":"泰州","citypinyin":"taizhou","pinyinhead":"tz"},
			{"cityid":"32130000","cityname":"宿迁","citypinyin":"suqian","pinyinhead":"sq"}
		]
	},{
		"proname":"浙江","proid":"33000000","pronamepinyin":"zhejiang","pronamepinyinhead":"zj","citys":[
			{"cityid":"33010000","cityname":"杭州","citypinyin":"hangzhou","pinyinhead":"hz"},
			{"cityid":"33020000","cityname":"宁波","citypinyin":"ningbo","pinyinhead":"nb"},
			{"cityid":"33030000","cityname":"温州","citypinyin":"wenzhou","pinyinhead":"wz"},
			{"cityid":"33040000","cityname":"嘉兴","citypinyin":"jiaxing","pinyinhead":"jx"},
			{"cityid":"33050000","cityname":"湖州","citypinyin":"huzhou","pinyinhead":"hz"},
			{"cityid":"33060000","cityname":"绍兴","citypinyin":"shaoxing","pinyinhead":"sx"},
			{"cityid":"33070000","cityname":"金华","citypinyin":"jinhua","pinyinhead":"jh"},
			{"cityid":"33080000","cityname":"衢州","citypinyin":"quzhou","pinyinhead":"qz"},
			{"cityid":"33090000","cityname":"舟山","citypinyin":"zhoushan","pinyinhead":"zs"},
			{"cityid":"33100000","cityname":"台州","citypinyin":"taizhou","pinyinhead":"tz"},
			{"cityid":"33250000","cityname":"丽水","citypinyin":"lishui","pinyinhead":"ls"},
			{"cityid":"33120000","cityname":"义乌","citypinyin":"yiwu","pinyinhead":"yw"},
                        {"cityid":"33980000","cityname":"杭州萧山","citypinyin":"hangzhouxiaoshan","pinyinhead":"hzxs"}
		]
	},{
		"proname":"安徽","proid":"34000000","pronamepinyin":"anhui","pronamepinyinhead":"ah","citys":[
			{"cityid":"34010000","cityname":"合肥","citypinyin":"hefei","pinyinhead":"hf"},
			{"cityid":"34020000","cityname":"芜湖","citypinyin":"wuhu","pinyinhead":"wh"},
			{"cityid":"34040000","cityname":"淮南","citypinyin":"huainan","pinyinhead":"hn"},
			{"cityid":"34050000","cityname":"马鞍山","citypinyin":"maanshan","pinyinhead":"mas"},
			{"cityid":"34060000","cityname":"淮北","citypinyin":"huaibei","pinyinhead":"hb"},
			{"cityid":"34070000","cityname":"铜陵","citypinyin":"tongling","pinyinhead":"tl"},
			{"cityid":"34080000","cityname":"安庆","citypinyin":"anqing","pinyinhead":"aq"},
			{"cityid":"34100000","cityname":"黄山","citypinyin":"huangshan","pinyinhead":"hs"},
			{"cityid":"34110000","cityname":"滁州","citypinyin":"chuzhou","pinyinhead":"cz"},
			{"cityid":"34120000","cityname":"阜阳","citypinyin":"fuyang","pinyinhead":"fy"},
			{"cityid":"34160000","cityname":"亳州","citypinyin":"bozhou","pinyinhead":"bz"},
			{"cityid":"34220000","cityname":"宿州","citypinyin":"suzhou","pinyinhead":"sz"},
			{"cityid":"34240000","cityname":"六安","citypinyin":"liuan","pinyinhead":"la"},
			{"cityid":"34250000","cityname":"宣城","citypinyin":"xuancheng","pinyinhead":"xc"},
			{"cityid":"34260000","cityname":"巢湖","citypinyin":"chaohu","pinyinhead":"ch"},
			{"cityid":"34290000","cityname":"池州","citypinyin":"chizhou","pinyinhead":"cz"},
			{"cityid":"34030000","cityname":"蚌埠","citypinyin":"bengbu","pinyinhead":"bb"}
		]
	},{
		"proname":"福建","proid":"35000000","pronamepinyin":"fujian","pronamepinyinhead":"fj","citys":[
			{"cityid":"35010000","cityname":"福州","citypinyin":"fuzhou","pinyinhead":"fz"},
			{"cityid":"35020000","cityname":"厦门","citypinyin":"xiamen","pinyinhead":"xm"},
			{"cityid":"35030000","cityname":"莆田","citypinyin":"putian","pinyinhead":"pt"},
			{"cityid":"35040000","cityname":"三明","citypinyin":"sanming","pinyinhead":"sm"},
			{"cityid":"35050000","cityname":"泉州","citypinyin":"quanzhou","pinyinhead":"qz"},
			{"cityid":"35060000","cityname":"漳州","citypinyin":"zhangzhou","pinyinhead":"zz"},
			{"cityid":"35070000","cityname":"南平","citypinyin":"nanping","pinyinhead":"np"},
			{"cityid":"35080000","cityname":"龙岩","citypinyin":"longyan","pinyinhead":"ly"},
			{"cityid":"35090000","cityname":"宁德","citypinyin":"ningde","pinyinhead":"nd"},
			{"cityid":"35150000","cityname":"晋江","citypinyin":"jinjiang","pinyinhead":"jj"},
			{"cityid":"35110000","cityname":"福州八县","citypinyin":"fuzhoubaxian","pinyinhead":"fzbx"}
		]
	},{
		"proname":"江西","proid":"36000000","pronamepinyin":"jiangxi","pronamepinyinhead":"jx","citys":[
			{"cityid":"36010000","cityname":"南昌","citypinyin":"nanchang","pinyinhead":"nc"},
			{"cityid":"36020000","cityname":"景德镇","citypinyin":"jingdezhen","pinyinhead":"jdz"},
			{"cityid":"36030000","cityname":"萍乡","citypinyin":"pingxiang","pinyinhead":"px"},
			{"cityid":"36040000","cityname":"九江","citypinyin":"jiujiang","pinyinhead":"jj"},
			{"cityid":"36050000","cityname":"新余","citypinyin":"xinyu","pinyinhead":"xy"},
			{"cityid":"36060000","cityname":"鹰潭","citypinyin":"yingtan","pinyinhead":"yt"},
			{"cityid":"36070000","cityname":"赣州","citypinyin":"ganzhou","pinyinhead":"gz"},
			{"cityid":"36220000","cityname":"宜春","citypinyin":"yichun","pinyinhead":"yc"},
			{"cityid":"36230000","cityname":"上饶","citypinyin":"shangrao","pinyinhead":"sr"},
			{"cityid":"36240000","cityname":"吉安","citypinyin":"jian","pinyinhead":"ja"},
			{"cityid":"36250000","cityname":"抚州","citypinyin":"fuzhou","pinyinhead":"fz"}
		]
	},{
		"proname":"山东","proid":"37000000","pronamepinyin":"shandong","pronamepinyinhead":"sd","citys":[
			{"cityid":"37010000","cityname":"济南","citypinyin":"jinan","pinyinhead":"jn"},
			{"cityid":"37020000","cityname":"青岛","citypinyin":"qingdao","pinyinhead":"qd"},
			{"cityid":"37030000","cityname":"淄博","citypinyin":"zibo","pinyinhead":"zb"},
			{"cityid":"37050000","cityname":"东营","citypinyin":"dongying","pinyinhead":"dy"},
			{"cityid":"37060000","cityname":"烟台","citypinyin":"yantai","pinyinhead":"yt"},
			{"cityid":"37070000","cityname":"潍坊","citypinyin":"weifang","pinyinhead":"wf"},
			{"cityid":"37080000","cityname":"济宁","citypinyin":"jining","pinyinhead":"jn"},
			{"cityid":"37090000","cityname":"泰安","citypinyin":"taian","pinyinhead":"ta"},
			{"cityid":"37100000","cityname":"威海","citypinyin":"weihai","pinyinhead":"wh"},
			{"cityid":"37110000","cityname":"日照","citypinyin":"rizhao","pinyinhead":"rz"},
			{"cityid":"37130000","cityname":"临沂","citypinyin":"linyi","pinyinhead":"ly"},
			{"cityid":"37230000","cityname":"滨州","citypinyin":"binzhou","pinyinhead":"bz"},
			{"cityid":"37140000","cityname":"德州","citypinyin":"dezhou","pinyinhead":"dz"},
			{"cityid":"37290000","cityname":"菏泽","citypinyin":"heze","pinyinhead":"hz"},
			{"cityid":"37120000","cityname":"莱芜","citypinyin":"laiwu","pinyinhead":"lw"},
			{"cityid":"37150000","cityname":"聊城","citypinyin":"liaocheng","pinyinhead":"lc"},
			{"cityid":"37040000","cityname":"枣庄","citypinyin":"zaozhuang","pinyinhead":"zz"}
		]
	},{
		"proname":"河南","proid":"41000000","pronamepinyin":"henan","pronamepinyinhead":"hn","citys":[
			{"cityid":"41010000","cityname":"郑州","citypinyin":"zhengzhou","pinyinhead":"zz"},
			{"cityid":"41020000","cityname":"开封","citypinyin":"kaifeng","pinyinhead":"kf"},
			{"cityid":"41030000","cityname":"洛阳","citypinyin":"luoyang","pinyinhead":"ly"},
			{"cityid":"41130000","cityname":"南阳","citypinyin":"nanyang","pinyinhead":"ny"},
			{"cityid":"41280000","cityname":"驻马店","citypinyin":"zhumadian","pinyinhead":"zmd"},
			{"cityid":"41270000","cityname":"周口","citypinyin":"zhoukou","pinyinhead":"zk"},
			{"cityid":"41150000","cityname":"信阳","citypinyin":"xinyang","pinyinhead":"xy"},
			{"cityid":"41140000","cityname":"商丘","citypinyin":"shangqiu","pinyinhead":"sq"},
			{"cityid":"41120000","cityname":"三门峡","citypinyin":"sanmenxia","pinyinhead":"smx"},
			{"cityid":"41110000","cityname":"漯河","citypinyin":"luohe","pinyinhead":"lh"},
			{"cityid":"41100000","cityname":"许昌","citypinyin":"xuchang","pinyinhead":"xc"},
			{"cityid":"41090000","cityname":"濮阳","citypinyin":"puyang","pinyinhead":"py"},
			{"cityid":"41080000","cityname":"焦作","citypinyin":"jiaozuo","pinyinhead":"jz"},
			{"cityid":"41070000","cityname":"新乡","citypinyin":"xinxiang","pinyinhead":"xx"},
			{"cityid":"41060000","cityname":"鹤壁","citypinyin":"hebi","pinyinhead":"hb"},
			{"cityid":"41050000","cityname":"安阳","citypinyin":"anyang","pinyinhead":"ay"},
			{"cityid":"41040000","cityname":"平顶山","citypinyin":"pingdingshan","pinyinhead":"pds"}
		]
	},{
		"proname":"湖北","proid":"42000000","pronamepinyin":"hubei","pronamepinyinhead":"hb","citys":[
			{"cityid":"42010000","cityname":"武汉","citypinyin":"wuhan","pinyinhead":"wh"},
			{"cityid":"42050000","cityname":"宜昌","citypinyin":"yichang","pinyinhead":"yc"},
			{"cityid":"42060000","cityname":"襄阳","citypinyin":"xiangyang","pinyinhead":"xy"},
                        {"cityid":"42090000","cityname":"孝感","citypinyin":"xiaogan","pinyinhead":"xg"},
                        {"cityid":"42100000","cityname":"荆州","citypinyin":"jingzhou","pinyinhead":"jz"},
                        {"cityid":"42080000","cityname":"荆门","citypinyin":"jingmen","pinyinhead":"jm"},
                        {"cityid":"42070000","cityname":"鄂州","citypinyin":"ezhou","pinyinhead":"ez"},
                        {"cityid":"42020000","cityname":"黄石","citypinyin":"huangshi","pinyinhead":"hs"}, 
                        {"cityid":"42030000","cityname":"十堰","citypinyin":"shiyan","pinyinhead":"sy"},
                        {"cityid":"42280000","cityname":"恩施","citypinyin":"enshi","pinyinhead":"es"},
                        {"cityid":"42110000","cityname":"黄冈","citypinyin":"huanggang","pinyinhead":"hg"},
                        {"cityid":"42120000","cityname":"咸宁","citypinyin":"xianning","pinyinhead":"xn"},
                        {"cityid":"42130000","cityname":"随州","citypinyin":"shuizhou","pinyinhead":"sz"},
                        {"cityid":"42150000","cityname":"潜江","citypinyin":"qianjiang","pinyinhead":"qj"} 
		]
	},{
		"proname":"湖南","proid":"43000000","pronamepinyin":"hunan","pronamepinyinhead":"hn","citys":[
			{"cityid":"43010000","cityname":"长沙","citypinyin":"changsha","pinyinhead":"cs"},
			{"cityid":"43020000","cityname":"株洲","citypinyin":"zhuzhou","pinyinhead":"zz"},
			{"cityid":"43030000","cityname":"湘潭","citypinyin":"xiangtan","pinyinhead":"xt"},
			{"cityid":"43040000","cityname":"衡阳","citypinyin":"hengyang","pinyinhead":"hy"},
			{"cityid":"43060000","cityname":"岳阳","citypinyin":"yueyang","pinyinhead":"yy"},
			{"cityid":"43080000","cityname":"张家界","citypinyin":"zhangjiajie","pinyinhead":"zjj"},
			{"cityid":"43110000","cityname":"永州","citypinyin":"yongzhou","pinyinhead":"yz"},
			{"cityid":"43090000","cityname":"益阳","citypinyin":"yiyang","pinyinhead":"yy"},
			{"cityid":"43310000","cityname":"湘西","citypinyin":"xiangxi","pinyinhead":"xx"},
			{"cityid":"43050000","cityname":"邵阳","citypinyin":"shaoyang","pinyinhead":"sy"},
			{"cityid":"43250000","cityname":"娄底","citypinyin":"loudi","pinyinhead":"ld"},
			{"cityid":"43120000","cityname":"怀化","citypinyin":"huaihua","pinyinhead":"hh"},
			{"cityid":"43100000","cityname":"郴州","citypinyin":"chenzhou","pinyinhead":"cz"},
			{"cityid":"43070000","cityname":"常德","citypinyin":"changde","pinyinhead":"cd"}
		]
	},{
		"proname":"广东","proid":"44000000","pronamepinyin":"guangdong","pronamepinyinhead":"gd","citys":[
			{"cityid":"44010000","cityname":"广州","citypinyin":"guangzhou","pinyinhead":"gz"},
			{"cityid":"44020000","cityname":"韶关","citypinyin":"shaoguan","pinyinhead":"sg"},
			{"cityid":"44030000","cityname":"深圳","citypinyin":"shenzhen","pinyinhead":"sz"},
			{"cityid":"44040000","cityname":"珠海","citypinyin":"zhuhai","pinyinhead":"zh"},
			{"cityid":"44050000","cityname":"汕头","citypinyin":"shantou","pinyinhead":"st"},
			{"cityid":"44060000","cityname":"佛山","citypinyin":"foshan","pinyinhead":"fs"},
			{"cityid":"44070000","cityname":"江门","citypinyin":"jiangmen","pinyinhead":"jm"},
			{"cityid":"44080000","cityname":"湛江","citypinyin":"zhanjiang","pinyinhead":"zj"},
			{"cityid":"44090000","cityname":"茂名","citypinyin":"maoming","pinyinhead":"mm"},
			{"cityid":"44120000","cityname":"肇庆","citypinyin":"zhaoqing","pinyinhead":"zq"},
			{"cityid":"44130000","cityname":"惠州","citypinyin":"huizhou","pinyinhead":"hz"},
			{"cityid":"44140000","cityname":"梅州","citypinyin":"meizhou","pinyinhead":"mz"},
			{"cityid":"44150000","cityname":"汕尾","citypinyin":"shanwei","pinyinhead":"sw"},
			{"cityid":"44160000","cityname":"河源","citypinyin":"heyuan","pinyinhead":"hy"},
			{"cityid":"44170000","cityname":"阳江","citypinyin":"yangjiang","pinyinhead":"yj"},
			{"cityid":"44180000","cityname":"清远","citypinyin":"qingyuan","pinyinhead":"qy"},
			{"cityid":"44190000","cityname":"东莞","citypinyin":"dongguan","pinyinhead":"dg"},
			{"cityid":"44200000","cityname":"中山","citypinyin":"zhongshan","pinyinhead":"zs"},
			{"cityid":"44510000","cityname":"潮州","citypinyin":"chaozhou","pinyinhead":"cz"},
			{"cityid":"44520000","cityname":"揭阳","citypinyin":"jieyang","pinyinhead":"jy"},
			{"cityid":"44530000","cityname":"云浮","citypinyin":"yunfu","pinyinhead":"yf"},
			{"cityid":"44710000","cityname":"顺德","citypinyin":"shunde","pinyinhead":"sd"}
		]
	},{
		"proname":"广西","proid":"45000000","pronamepinyin":"guangxi","pronamepinyinhead":"gx","citys":[
			{"cityid":"45010000","cityname":"南宁","citypinyin":"nanning","pinyinhead":"nn"},
			{"cityid":"45030000","cityname":"桂林","citypinyin":"guilin","pinyinhead":"gl"},
                        {"cityid":"45040000","cityname":"梧州","citypinyin":"wuzhou","pinyinhead":"wz"},
			{"cityid":"45260000","cityname":"百色","citypinyin":"baise","pinyinhead":"bs"},
			{"cityid":"45050000","cityname":"北海","citypinyin":"beihai","pinyinhead":"bh"},
			{"cityid":"45140000","cityname":"崇左","citypinyin":"chongzuo","pinyinhead":"cz"},
			{"cityid":"45080000","cityname":"贵港","citypinyin":"guigang","pinyinhead":"gg"},
                        {"cityid":"45090000","cityname":"玉林","citypinyin":"yulin","pinyinhead":"yl"},
			{"cityid":"45270000","cityname":"河池","citypinyin":"hechi","pinyinhead":"hc"},
			{"cityid":"45020000","cityname":"柳州","citypinyin":"liuzhou","pinyinhead":"lz"},
			{"cityid":"45070000","cityname":"钦州","citypinyin":"qinzhou","pinyinhead":"qz"},
			{"cityid":"45240000","cityname":"贺州","citypinyin":"hezhou","pinyinhead":"hz"},
			{"cityid":"45060000","cityname":"防城港","citypinyin":"fangchenggang","pinyinhead":"fcg"}
		]
	},{
		"proname":"海南","proid":"46000000","pronamepinyin":"hainan","pronamepinyinhead":"hn","citys":[
			{"cityid":"46010000","cityname":"海口","citypinyin":"haikou","pinyinhead":"hk"},
                        {"cityid":"46020000","cityname":"三亚","citypinyin":"sanya","pinyinhead":"sy"},
                        {"cityid":"46900100","cityname":"五指山","citypinyin":"wuzhishan","pinyinhead":"wzs"},
                        {"cityid":"46900200","cityname":"琼海","citypinyin":"qionghai","pinyinhead":"qh"},
                        {"cityid":"46900300","cityname":"儋州","citypinyin":"danzhou","pinyinhead":"dz"},
                        {"cityid":"46900500","cityname":"文昌","citypinyin":"wenchang","pinyinhead":"wc"},
                        {"cityid":"46900600","cityname":"万宁","citypinyin":"wanning","pinyinhead":"wn"},
                        {"cityid":"46900700","cityname":"东方","citypinyin":"dongfang","pinyinhead":"df"},
                        {"cityid":"46902500","cityname":"定安县","citypinyin":"dinganxian","pinyinhead":"dax"},
                        {"cityid":"46902600","cityname":"屯昌县","citypinyin":"tunchangxian","pinyinhead":"tcx"},
                        {"cityid":"46902700","cityname":"澄迈县","citypinyin":"chengmaixian","pinyinhead":"cmx"},
                        {"cityid":"46902800","cityname":"临高县","citypinyin":"lingaoxian","pinyinhead":"lgx"},
                        {"cityid":"46902900","cityname":"洋浦县","citypinyin":"yangpuxian","pinyinhead":"ypx"},
                        {"cityid":"46903000","cityname":"白沙县","citypinyin":"baishaxian","pinyinhead":"bsx"},
                        {"cityid":"46903100","cityname":"昌江县","citypinyin":"changjiangxian","pinyinhead":"cjx"},
                        {"cityid":"46903300","cityname":"乐东县","citypinyin":"ledongxian","pinyinhead":"ldx"},
                        {"cityid":"46903400","cityname":"陵水县","citypinyin":"lingshuixian","pinyinhead":"lsx"},
                        {"cityid":"46903500","cityname":"保亭县","citypinyin":"baotingxian","pinyinhead":"btx"},
                        {"cityid":"46903600","cityname":"琼中县","citypinyin":"qiongzhongxian","pinyinhead":"qzx"}
		]
	},{
		"proname":"四川","proid":"51000000","pronamepinyin":"sichuan","pronamepinyinhead":"sc","citys":[
			{"cityid":"51010000","cityname":"成都","citypinyin":"chengdu","pinyinhead":"cd"},
			{"cityid":"51320000","cityname":"阿坝州","citypinyin":"abazhou","pinyinhead":"abz"},
			{"cityid":"51160000","cityname":"广安","citypinyin":"guangan","pinyinhead":"ga"},
			{"cityid":"51110000","cityname":"乐山","citypinyin":"leshan","pinyinhead":"ls"},
			{"cityid":"51340000","cityname":"凉山","citypinyin":"liangshan","pinyinhead":"ls"},
			{"cityid":"51310000","cityname":"雅安","citypinyin":"yaan","pinyinhead":"ya"},
			{"cityid":"51030000","cityname":"自贡","citypinyin":"zigong","pinyinhead":"zg"},
			{"cityid":"51100000","cityname":"内江","citypinyin":"neijiang","pinyinhead":"nj"},
			{"cityid":"51250000","cityname":"宜宾","citypinyin":"yibin","pinyinhead":"yb"},
			{"cityid":"51050000","cityname":"泸州","citypinyin":"luzhou","pinyinhead":"lz"},
			{"cityid":"51380000","cityname":"眉山","citypinyin":"meishan","pinyinhead":"ms"},
			{"cityid":"51130000","cityname":"南充","citypinyin":"nanchong","pinyinhead":"nc"},
			{"cityid":"51040000","cityname":"攀枝花","citypinyin":"panzhihua","pinyinhead":"pzh"},
			{"cityid":"51060000","cityname":"德阳","citypinyin":"deyang","pinyinhead":"dy"},
			{"cityid":"51330000","cityname":"甘孜州","citypinyin":"ganzizhou","pinyinhead":"gzz"},
			{"cityid":"51070000","cityname":"绵阳","citypinyin":"mianyang","pinyinhead":"my"},
			{"cityid":"51390000","cityname":"资阳","citypinyin":"ziyang","pinyinhead":"zy"},
			{"cityid":"51370000","cityname":"巴中","citypinyin":"bazhong","pinyinhead":"bz"},
			{"cityid":"51300000","cityname":"达州","citypinyin":"dazhou","pinyinhead":"dz"},
			{"cityid":"51090000","cityname":"遂宁","citypinyin":"suining","pinyinhead":"sn"},
			{"cityid":"51080000","cityname":"广元","citypinyin":"guangyuan","pinyinhead":"gy"}
		]
	},{
		"proname":"贵州","proid":"52000000","pronamepinyin":"guizhou","pronamepinyinhead":"gz","citys":[
			{"cityid":"52010000","cityname":"贵阳","citypinyin":"guiyang","pinyinhead":"gy"},
                        {"cityid":"52020000","cityname":"六盘水","citypinyin":"liupanshui","pinyinhead":"lps"},
			{"cityid":"52030000","cityname":"遵义","citypinyin":"zunyi","pinyinhead":"zy"},
			{"cityid":"52220000","cityname":"铜仁","citypinyin":"tongren","pinyinhead":"tr"},			
			{"cityid":"52230000","cityname":"黔西南","citypinyin":"qianxinan","pinyinhead":"qxn"},
			{"cityid":"52240000","cityname":"毕节","citypinyin":"bijie","pinyinhead":"bj"},			
			{"cityid":"52250000","cityname":"安顺","citypinyin":"anshun","pinyinhead":"as"},
			{"cityid":"52260000","cityname":"黔东南","citypinyin":"qiandongnan","pinyinhead":"qdn"},
			{"cityid":"52270000","cityname":"黔南","citypinyin":"qiannan","pinyinhead":"qn"}
		]
	},{
		"proname":"云南","proid":"53000000","pronamepinyin":"yunnan","pronamepinyinhead":"yn","citys":[
			{"cityid":"53010000","cityname":"昆明","citypinyin":"kunming","pinyinhead":"km"},
			{"cityid":"53030000","cityname":"曲靖","citypinyin":"qujing","pinyinhead":"qj"},
			{"cityid":"53040000","cityname":"玉溪","citypinyin":"yuxi","pinyinhead":"yx"},
			{"cityid":"53280000","cityname":"西双版纳","citypinyin":"xishuangbannan","pinyinhead":"xsbn"},
			{"cityid":"53300000","cityname":"保山","citypinyin":"baoshan","pinyinhead":"bs"},
			{"cityid":"53230000","cityname":"楚雄","citypinyin":"chuxiong","pinyinhead":"cx"},
			{"cityid":"53290000","cityname":"大理","citypinyin":"dali","pinyinhead":"dl"},
			{"cityid":"53340000","cityname":"迪庆","citypinyin":"deqing","pinyinhead":"dq"},
			{"cityid":"53250000","cityname":"红河","citypinyin":"honghe","pinyinhead":"hh"},
			{"cityid":"53320000","cityname":"丽江","citypinyin":"lijiang","pinyinhead":"lj"},
			{"cityid":"53350000","cityname":"临沧","citypinyin":"lincang","pinyinhead":"lc"},
			{"cityid":"53330000","cityname":"怒江","citypinyin":"nujiang","pinyinhead":"nj"},
			{"cityid":"53270000","cityname":"普洱","citypinyin":"puer","pinyinhead":"pe"},
			{"cityid":"53260000","cityname":"文山","citypinyin":"wenshan","pinyinhead":"ws"},
			{"cityid":"53210000","cityname":"昭通","citypinyin":"zhaotong","pinyinhead":"zt"},
			{"cityid":"53310000","cityname":"德宏","citypinyin":"dehong","pinyinhead":"dh"}
		]
	},{
		"proname":"陕西","proid":"61000000","pronamepinyin":"shanxi","pronamepinyinhead":"sx","citys":[
			{"cityid":"61010000","cityname":"西安","citypinyin":"xian","pinyinhead":"xa"},
			{"cityid":"61030000","cityname":"宝鸡","citypinyin":"baoji","pinyinhead":"bj"},
			{"cityid":"61040000","cityname":"咸阳","citypinyin":"xianyang","pinyinhead":"xy"},
			{"cityid":"61240000","cityname":"安康","citypinyin":"ankang","pinyinhead":"ak"},
			{"cityid":"61070000","cityname":"汉中","citypinyin":"hanzhong","pinyinhead":"hz"},
			{"cityid":"61250000","cityname":"商洛","citypinyin":"shangluo","pinyinhead":"sl"},
			{"cityid":"61020000","cityname":"铜川","citypinyin":"tongchuan","pinyinhead":"tc"},
			{"cityid":"61050000","cityname":"渭南","citypinyin":"weinan","pinyinhead":"wn"},
			{"cityid":"61060000","cityname":"延安","citypinyin":"yanan","pinyinhead":"ya"},
			{"cityid":"61270000","cityname":"榆林","citypinyin":"yulin","pinyinhead":"yl"}
		]
	},{
		"proname":"甘肃","proid":"62000000","pronamepinyin":"gansu","pronamepinyinhead":"gs","citys":[
			{"cityid":"62010000","cityname":"兰州","citypinyin":"lanzhou","pinyinhead":"lz"},
			{"cityid":"62020000","cityname":"嘉峪关","citypinyin":"jiayuguan","pinyinhead":"jyg"},
			{"cityid":"62030000","cityname":"金昌","citypinyin":"jinchang","pinyinhead":"jc"},
			{"cityid":"62040000","cityname":"白银","citypinyin":"baiyin","pinyinhead":"by"},
			{"cityid":"62050000","cityname":"天水","citypinyin":"tianshui","pinyinhead":"ts"},
			{"cityid":"62210000","cityname":"酒泉","citypinyin":"jiuquan","pinyinhead":"jq"},
			{"cityid":"62220000","cityname":"张掖","citypinyin":"zhangye","pinyinhead":"zy"},
			{"cityid":"62230000","cityname":"武威","citypinyin":"wuwei","pinyinhead":"ww"},
			{"cityid":"62240000","cityname":"定西","citypinyin":"dingxi","pinyinhead":"dx"},
			{"cityid":"62260000","cityname":"陇南","citypinyin":"longnan","pinyinhead":"ln"},
			{"cityid":"62270000","cityname":"平凉","citypinyin":"pingliang","pinyinhead":"pl"},
			{"cityid":"62280000","cityname":"庆阳","citypinyin":"qingyang","pinyinhead":"qy"},
			{"cityid":"62290000","cityname":"临夏","citypinyin":"linxia","pinyinhead":"lx"},
			{"cityid":"62300000","cityname":"甘南","citypinyin":"gannan","pinyinhead":"gn"}
		]
	},{
		"proname":"青海","proid":"63000000","pronamepinyin":"qinghai","pronamepinyinhead":"qh","citys":[
			{"cityid":"63010000","cityname":"西宁","citypinyin":"xining","pinyinhead":"xn"},
			{"cityid":"63210000","cityname":"海东","citypinyin":"haidong","pinyinhead":"hd"},
			{"cityid":"63250000","cityname":"海南","citypinyin":"hainan","pinyinhead":"hn"},
			{"cityid":"63280000","cityname":"海西","citypinyin":"haixi","pinyinhead":"hx"},
			{"cityid":"63290000","cityname":"格尔木","citypinyin":"geermu","pinyinhead":"gem"},
			{"cityid":"63220000","cityname":"海北","citypinyin":"haibei","pinyinhead":"hb"},
			{"cityid":"63230000","cityname":"黄南","citypinyin":"huangnan","pinyinhead":"hn"}
		]
	},{
		"proname":"宁夏","proid":"64000000","pronamepinyin":"ningxia","pronamepinyinhead":"nx","citys":[
			{"cityid":"64010000","cityname":"银川","citypinyin":"yinchuan","pinyinhead":"yc"},
			{"cityid":"64020000","cityname":"石嘴山","citypinyin":"shizuishan","pinyinhead":"szs"},
			{"cityid":"64030000","cityname":"吴忠","citypinyin":"wuzhong","pinyinhead":"wz"},
			{"cityid":"64040000","cityname":"固原","citypinyin":"guyuan","pinyinhead":"gy"},
			{"cityid":"64050000","cityname":"中卫城区","citypinyin":"zhongweichengqu","pinyinhead":"zwcq"}
		]
	},{
		"proname":"新疆","proid":"65000000","pronamepinyin":"xinjiang","pronamepinyinhead":"xj","citys":[
			{"cityid":"65010000","cityname":"乌鲁木齐","citypinyin":"wulumuqi","pinyinhead":"wlmq"},
			{"cityid":"65020000","cityname":"克拉玛依","citypinyin":"kelamayi","pinyinhead":"klmy"},
			{"cityid":"65210000","cityname":"吐鲁番","citypinyin":"tulufan","pinyinhead":"tlf"},
			{"cityid":"65230000","cityname":"昌吉","citypinyin":"changji","pinyinhead":"cj"},
			{"cityid":"65280000","cityname":"巴州","citypinyin":"bazhou","pinyinhead":"bz"},
			{"cityid":"65290000","cityname":"阿克苏","citypinyin":"akesu","pinyinhead":"aks"},
			{"cityid":"65310000","cityname":"喀什","citypinyin":"kashi","pinyinhead":"ks"},
			{"cityid":"65400000","cityname":"奎屯","citypinyin":"kuitun","pinyinhead":"kt"},
			{"cityid":"65900000","cityname":"石河子","citypinyin":"shihezi","pinyinhead":"shz"},
			{"cityid":"65430000","cityname":"阿勒泰","citypinyin":"aletai","pinyinhead":"alt"},
			{"cityid":"65270000","cityname":"博州","citypinyin":"bozhou","pinyinhead":"bz"},
			{"cityid":"65220000","cityname":"哈密","citypinyin":"hami","pinyinhead":"hm"},
			{"cityid":"65320000","cityname":"和田","citypinyin":"hetian","pinyinhead":"ht"},
			{"cityid":"65300000","cityname":"克州","citypinyin":"kezhou","pinyinhead":"kz"},
			{"cityid":"65420000","cityname":"塔城","citypinyin":"tacheng","pinyinhead":"tc"},
			{"cityid":"65410000","cityname":"伊犁","citypinyin":"yili","pinyinhead":"yl"}
		]
	},{
		"proname":"西藏","proid":"54000000","pronamepinyin":"xizang","pronamepinyinhead":"xz","citys":[
			{"cityid":"54010000","cityname":"拉萨","citypinyin":"lasa","pinyinhead":"ls"},
			{"cityid":"54210000","cityname":"昌都","citypinyin":"changdu","pinyinhead":"cd"},
			{"cityid":"54220000","cityname":"南分","citypinyin":"nanfen","pinyinhead":"nf"},
			{"cityid":"54230000","cityname":"日喀则","citypinyin":"rikaze","pinyinhead":"rkz"},
			{"cityid":"54240000","cityname":"那曲","citypinyin":"naqu","pinyinhead":"nq"},
			{"cityid":"54250000","cityname":"阿里","citypinyin":"ali","pinyinhead":"al"},
			{"cityid":"54260000","cityname":"林芝","citypinyin":"linzhi","pinyinhead":"lz"}
		]
	},{
		"proname":"北京","proid":"11000000","pronamepinyin":"beijing","pronamepinyinhead":"bj","citys":[
			{"cityid":"11000000","cityname":"北京","citypinyin":"beijing","pinyinhead":"bj"}
			
		]
	},{
		"proname":"天津","proid":"12000000","pronamepinyin":"tianjin","pronamepinyinhead":"tj","citys":[
			{"cityid":"12000000","cityname":"天津","citypinyin":"tianjin","pinyinhead":"tj"}
		]
	},{
		"proname":"重庆","proid":"50000000","pronamepinyin":"chongqing","pronamepinyinhead":"cq","citys":[
			{"cityid":"50000000","cityname":"重庆","citypinyin":"chongqing","pinyinhead":"cq"}
		]
	},{
		"proname":"上海","proid":"31000000","pronamepinyin":"shanghai","pronamepinyinhead":"sh","citys":[
			{"cityid":"31000000","cityname":"上海","citypinyin":"shanghai","pinyinhead":"sh"}
		]
	}
]
}